Folder,Q1_Accuracy,Q2_Accuracy,Q3_Accuracy,Mean_Accuracy
Demo_prompting,83.11111111111111,30.666666666666664,40.74074074074074,51.50617283950617
Omni_prompting,84.88888888888889,65.18518518518519,43.55555555555555,64.5432098765432
